order_id,date,product_id,region_id,quantity,unit_price,discount_pct,revenue,month,month_name,year,quarter,product_name,category,region_name,zone
ORD_0001,2023-01-01,P004,R06,2,35000,0.0,70000.0,1,Jan,2023,1,Tablet X,Electronics,Pune,West
ORD_0002,2023-01-02,P005,R04,15,2200,0.0,33000.0,1,Jan,2023,1,USB-C Hub,Accessories,Chennai,South
ORD_0003,2023-01-03,P003,R08,8,4500,0.0,36000.0,1,Jan,2023,1,Wireless Earbuds,Audio,Ahmedabad,West
ORD_0004,2023-01-05,P005,R01,8,2200,0.0,17600.0,1,Jan,2023,1,USB-C Hub,Accessories,Mumbai,West
ORD_0005,2023-01-06,P005,R06,17,2200,0.15,31790.0,1,Jan,2023,1,USB-C Hub,Accessories,Pune,West
ORD_0006,2023-01-08,P002,R05,12,12000,0.0,144000.0,1,Jan,2023,1,Smart Watch,Wearables,Hyderabad,South
ORD_0007,2023-01-09,P003,R03,19,4500,0.0,85500.0,1,Jan,2023,1,Wireless Earbuds,Audio,Bangalore,South
ORD_0008,2023-01-11,P003,R03,10,4500,0.05,42750.0,1,Jan,2023,1,Wireless Earbuds,Audio,Bangalore,South
ORD_0009,2023-01-12,P003,R01,9,4500,0.0,40500.0,1,Jan,2023,1,Wireless Earbuds,Audio,Mumbai,West
ORD_0010,2023-01-14,P005,R04,5,2200,0.15,9350.0,1,Jan,2023,1,USB-C Hub,Accessories,Chennai,South
ORD_0011,2023-01-15,P004,R04,6,35000,0.1,189000.0,1,Jan,2023,1,Tablet X,Electronics,Chennai,South
ORD_0012,2023-01-17,P003,R05,2,4500,0.0,9000.0,1,Jan,2023,1,Wireless Earbuds,Audio,Hyderabad,South
ORD_0013,2023-01-18,P005,R01,13,2200,0.0,28600.0,1,Jan,2023,1,USB-C Hub,Accessories,Mumbai,West
ORD_0014,2023-01-20,P002,R03,6,12000,0.1,64800.0,1,Jan,2023,1,Smart Watch,Wearables,Bangalore,South
ORD_0015,2023-01-21,P004,R04,5,35000,0.15,148750.0,1,Jan,2023,1,Tablet X,Electronics,Chennai,South
ORD_0016,2023-01-22,P002,R01,1,12000,0.0,12000.0,1,Jan,2023,1,Smart Watch,Wearables,Mumbai,West
ORD_0017,2023-01-24,P004,R07,6,35000,0.05,199500.0,1,Jan,2023,1,Tablet X,Electronics,Kolkata,East
ORD_0018,2023-01-25,P005,R04,6,2200,0.0,13200.0,1,Jan,2023,1,USB-C Hub,Accessories,Chennai,South
ORD_0019,2023-01-27,P001,R06,16,75000,0.15,1020000.0,1,Jan,2023,1,Laptop Pro,Electronics,Pune,West
ORD_0020,2023-01-28,P004,R07,4,35000,0.0,140000.0,1,Jan,2023,1,Tablet X,Electronics,Kolkata,East
ORD_0021,2023-01-30,P002,R08,11,12000,0.15,112200.0,1,Jan,2023,1,Smart Watch,Wearables,Ahmedabad,West
ORD_0022,2023-01-31,P005,R04,9,2200,0.05,18810.0,1,Jan,2023,1,USB-C Hub,Accessories,Chennai,South
ORD_0023,2023-02-02,P004,R03,3,35000,0.05,99750.0,2,Feb,2023,1,Tablet X,Electronics,Bangalore,South
ORD_0024,2023-02-03,P001,R02,19,75000,0.05,1353750.0,2,Feb,2023,1,Laptop Pro,Electronics,Delhi,North
ORD_0025,2023-02-05,P001,R07,8,75000,0.0,600000.0,2,Feb,2023,1,Laptop Pro,Electronics,Kolkata,East
ORD_0026,2023-02-06,P003,R08,5,4500,0.0,22500.0,2,Feb,2023,1,Wireless Earbuds,Audio,Ahmedabad,West
ORD_0027,2023-02-08,P003,R05,4,4500,0.0,18000.0,2,Feb,2023,1,Wireless Earbuds,Audio,Hyderabad,South
ORD_0028,2023-02-09,P002,R05,6,12000,0.0,72000.0,2,Feb,2023,1,Smart Watch,Wearables,Hyderabad,South
ORD_0029,2023-02-10,P004,R03,2,35000,0.1,63000.0,2,Feb,2023,1,Tablet X,Electronics,Bangalore,South
ORD_0030,2023-02-12,P004,R04,11,35000,0.0,385000.0,2,Feb,2023,1,Tablet X,Electronics,Chennai,South
ORD_0031,2023-02-13,P003,R01,4,4500,0.0,18000.0,2,Feb,2023,1,Wireless Earbuds,Audio,Mumbai,West
ORD_0032,2023-02-15,P004,R04,15,35000,0.15,446250.0,2,Feb,2023,1,Tablet X,Electronics,Chennai,South
ORD_0033,2023-02-16,P004,R03,6,35000,0.1,189000.0,2,Feb,2023,1,Tablet X,Electronics,Bangalore,South
ORD_0034,2023-02-18,P001,R05,17,75000,0.15,1083750.0,2,Feb,2023,1,Laptop Pro,Electronics,Hyderabad,South
ORD_0035,2023-02-19,P003,R04,6,4500,0.15,22950.0,2,Feb,2023,1,Wireless Earbuds,Audio,Chennai,South
ORD_0036,2023-02-21,P005,R05,19,2200,0.0,41800.0,2,Feb,2023,1,USB-C Hub,Accessories,Hyderabad,South
ORD_0037,2023-02-22,P003,R07,2,4500,0.0,9000.0,2,Feb,2023,1,Wireless Earbuds,Audio,Kolkata,East
ORD_0038,2023-02-24,P005,R08,15,2200,0.1,29700.0,2,Feb,2023,1,USB-C Hub,Accessories,Ahmedabad,West
ORD_0039,2023-02-25,P001,R01,11,75000,0.05,783750.0,2,Feb,2023,1,Laptop Pro,Electronics,Mumbai,West
ORD_0040,2023-02-27,P002,R07,8,12000,0.0,96000.0,2,Feb,2023,1,Smart Watch,Wearables,Kolkata,East
ORD_0041,2023-02-28,P004,R05,19,35000,0.1,598500.0,2,Feb,2023,1,Tablet X,Electronics,Hyderabad,South
ORD_0042,2023-03-01,P001,R05,13,75000,0.0,975000.0,3,Mar,2023,1,Laptop Pro,Electronics,Hyderabad,South
ORD_0043,2023-03-03,P004,R02,12,35000,0.0,420000.0,3,Mar,2023,1,Tablet X,Electronics,Delhi,North
ORD_0044,2023-03-04,P002,R02,5,12000,0.05,57000.0,3,Mar,2023,1,Smart Watch,Wearables,Delhi,North
ORD_0045,2023-03-06,P002,R07,6,12000,0.05,68400.0,3,Mar,2023,1,Smart Watch,Wearables,Kolkata,East
ORD_0046,2023-03-07,P001,R06,4,75000,0.05,285000.0,3,Mar,2023,1,Laptop Pro,Electronics,Pune,West
ORD_0047,2023-03-09,P002,R07,19,12000,0.0,228000.0,3,Mar,2023,1,Smart Watch,Wearables,Kolkata,East
ORD_0048,2023-03-10,P005,R02,1,2200,0.1,1980.0,3,Mar,2023,1,USB-C Hub,Accessories,Delhi,North
ORD_0049,2023-03-12,P002,R05,17,12000,0.0,204000.0,3,Mar,2023,1,Smart Watch,Wearables,Hyderabad,South
ORD_0050,2023-03-13,P004,R03,12,35000,0.0,420000.0,3,Mar,2023,1,Tablet X,Electronics,Bangalore,South
ORD_0051,2023-03-15,P004,R07,15,35000,0.1,472500.0,3,Mar,2023,1,Tablet X,Electronics,Kolkata,East
ORD_0052,2023-03-16,P004,R05,1,35000,0.15,29750.0,3,Mar,2023,1,Tablet X,Electronics,Hyderabad,South
ORD_0053,2023-03-18,P004,R03,14,35000,0.1,441000.0,3,Mar,2023,1,Tablet X,Electronics,Bangalore,South
ORD_0054,2023-03-19,P005,R03,6,2200,0.1,11880.0,3,Mar,2023,1,USB-C Hub,Accessories,Bangalore,South
ORD_0055,2023-03-20,P003,R02,5,4500,0.05,21375.0,3,Mar,2023,1,Wireless Earbuds,Audio,Delhi,North
ORD_0056,2023-03-22,P001,R07,11,75000,0.05,783750.0,3,Mar,2023,1,Laptop Pro,Electronics,Kolkata,East
ORD_0057,2023-03-23,P004,R04,4,35000,0.0,140000.0,3,Mar,2023,1,Tablet X,Electronics,Chennai,South
ORD_0058,2023-03-25,P002,R01,13,12000,0.0,156000.0,3,Mar,2023,1,Smart Watch,Wearables,Mumbai,West
ORD_0059,2023-03-26,P004,R02,11,35000,0.0,385000.0,3,Mar,2023,1,Tablet X,Electronics,Delhi,North
ORD_0060,2023-03-28,P002,R02,3,12000,0.0,36000.0,3,Mar,2023,1,Smart Watch,Wearables,Delhi,North
ORD_0061,2023-03-29,P002,R04,1,12000,0.1,10800.0,3,Mar,2023,1,Smart Watch,Wearables,Chennai,South
ORD_0062,2023-03-31,P004,R01,6,35000,0.0,210000.0,3,Mar,2023,1,Tablet X,Electronics,Mumbai,West
ORD_0063,2023-04-01,P005,R05,18,2200,0.0,39600.0,4,Apr,2023,2,USB-C Hub,Accessories,Hyderabad,South
ORD_0064,2023-04-03,P002,R06,10,12000,0.0,120000.0,4,Apr,2023,2,Smart Watch,Wearables,Pune,West
ORD_0065,2023-04-04,P002,R07,5,12000,0.05,57000.0,4,Apr,2023,2,Smart Watch,Wearables,Kolkata,East
ORD_0066,2023-04-06,P004,R06,10,35000,0.0,350000.0,4,Apr,2023,2,Tablet X,Electronics,Pune,West
ORD_0067,2023-04-07,P002,R05,12,12000,0.1,129600.0,4,Apr,2023,2,Smart Watch,Wearables,Hyderabad,South
ORD_0068,2023-04-09,P002,R08,2,12000,0.0,24000.0,4,Apr,2023,2,Smart Watch,Wearables,Ahmedabad,West
ORD_0069,2023-04-10,P004,R02,13,35000,0.0,455000.0,4,Apr,2023,2,Tablet X,Electronics,Delhi,North
ORD_0070,2023-04-11,P004,R01,8,35000,0.05,266000.0,4,Apr,2023,2,Tablet X,Electronics,Mumbai,West
ORD_0071,2023-04-13,P001,R02,2,75000,0.1,135000.0,4,Apr,2023,2,Laptop Pro,Electronics,Delhi,North
ORD_0072,2023-04-14,P005,R03,1,2200,0.0,2200.0,4,Apr,2023,2,USB-C Hub,Accessories,Bangalore,South
ORD_0073,2023-04-16,P005,R02,5,2200,0.05,10450.0,4,Apr,2023,2,USB-C Hub,Accessories,Delhi,North
ORD_0074,2023-04-17,P002,R02,9,12000,0.05,102600.0,4,Apr,2023,2,Smart Watch,Wearables,Delhi,North
ORD_0075,2023-04-19,P005,R05,17,2200,0.0,37400.0,4,Apr,2023,2,USB-C Hub,Accessories,Hyderabad,South
ORD_0076,2023-04-20,P002,R05,9,12000,0.1,97200.0,4,Apr,2023,2,Smart Watch,Wearables,Hyderabad,South
ORD_0077,2023-04-22,P001,R05,11,75000,0.1,742500.0,4,Apr,2023,2,Laptop Pro,Electronics,Hyderabad,South
ORD_0078,2023-04-23,P004,R06,15,35000,0.05,498750.0,4,Apr,2023,2,Tablet X,Electronics,Pune,West
ORD_0079,2023-04-25,P004,R03,6,35000,0.1,189000.0,4,Apr,2023,2,Tablet X,Electronics,Bangalore,South
ORD_0080,2023-04-26,P004,R08,3,35000,0.1,94500.0,4,Apr,2023,2,Tablet X,Electronics,Ahmedabad,West
ORD_0081,2023-04-28,P005,R08,17,2200,0.1,33660.0,4,Apr,2023,2,USB-C Hub,Accessories,Ahmedabad,West
ORD_0082,2023-04-29,P001,R05,5,75000,0.1,337500.0,4,Apr,2023,2,Laptop Pro,Electronics,Hyderabad,South
ORD_0083,2023-04-30,P005,R01,12,2200,0.05,25080.0,4,Apr,2023,2,USB-C Hub,Accessories,Mumbai,West
ORD_0084,2023-05-02,P005,R06,18,2200,0.05,37620.0,5,May,2023,2,USB-C Hub,Accessories,Pune,West
ORD_0085,2023-05-03,P001,R04,14,75000,0.05,997500.0,5,May,2023,2,Laptop Pro,Electronics,Chennai,South
ORD_0086,2023-05-05,P001,R01,11,75000,0.1,742500.0,5,May,2023,2,Laptop Pro,Electronics,Mumbai,West
ORD_0087,2023-05-06,P001,R07,9,75000,0.0,675000.0,5,May,2023,2,Laptop Pro,Electronics,Kolkata,East
ORD_0088,2023-05-08,P001,R07,2,75000,0.1,135000.0,5,May,2023,2,Laptop Pro,Electronics,Kolkata,East
ORD_0089,2023-05-09,P004,R01,12,35000,0.1,378000.0,5,May,2023,2,Tablet X,Electronics,Mumbai,West
ORD_0090,2023-05-11,P003,R05,3,4500,0.0,13500.0,5,May,2023,2,Wireless Earbuds,Audio,Hyderabad,South
ORD_0091,2023-05-12,P003,R04,3,4500,0.1,12150.0,5,May,2023,2,Wireless Earbuds,Audio,Chennai,South
ORD_0092,2023-05-14,P001,R04,1,75000,0.0,75000.0,5,May,2023,2,Laptop Pro,Electronics,Chennai,South
ORD_0093,2023-05-15,P003,R06,8,4500,0.0,36000.0,5,May,2023,2,Wireless Earbuds,Audio,Pune,West
ORD_0094,2023-05-17,P003,R04,8,4500,0.1,32400.0,5,May,2023,2,Wireless Earbuds,Audio,Chennai,South
ORD_0095,2023-05-18,P001,R07,11,75000,0.0,825000.0,5,May,2023,2,Laptop Pro,Electronics,Kolkata,East
ORD_0096,2023-05-19,P003,R03,9,4500,0.1,36450.0,5,May,2023,2,Wireless Earbuds,Audio,Bangalore,South
ORD_0097,2023-05-21,P005,R05,5,2200,0.1,9900.0,5,May,2023,2,USB-C Hub,Accessories,Hyderabad,South
ORD_0098,2023-05-22,P002,R04,14,12000,0.05,159600.0,5,May,2023,2,Smart Watch,Wearables,Chennai,South
ORD_0099,2023-05-24,P002,R06,3,12000,0.0,36000.0,5,May,2023,2,Smart Watch,Wearables,Pune,West
ORD_0100,2023-05-25,P001,R07,5,75000,0.0,375000.0,5,May,2023,2,Laptop Pro,Electronics,Kolkata,East
ORD_0101,2023-05-27,P004,R03,5,35000,0.05,166250.0,5,May,2023,2,Tablet X,Electronics,Bangalore,South
ORD_0102,2023-05-28,P001,R02,19,75000,0.15,1211250.0,5,May,2023,2,Laptop Pro,Electronics,Delhi,North
ORD_0103,2023-05-30,P004,R02,14,35000,0.05,465500.0,5,May,2023,2,Tablet X,Electronics,Delhi,North
ORD_0104,2023-05-31,P002,R03,4,12000,0.0,48000.0,5,May,2023,2,Smart Watch,Wearables,Bangalore,South
ORD_0105,2023-06-02,P001,R07,13,75000,0.05,926250.0,6,Jun,2023,2,Laptop Pro,Electronics,Kolkata,East
ORD_0106,2023-06-03,P005,R06,10,2200,0.05,20900.0,6,Jun,2023,2,USB-C Hub,Accessories,Pune,West
ORD_0107,2023-06-05,P003,R03,18,4500,0.1,72900.0,6,Jun,2023,2,Wireless Earbuds,Audio,Bangalore,South
ORD_0108,2023-06-06,P004,R05,8,35000,0.0,280000.0,6,Jun,2023,2,Tablet X,Electronics,Hyderabad,South
ORD_0109,2023-06-07,P003,R05,8,4500,0.1,32400.0,6,Jun,2023,2,Wireless Earbuds,Audio,Hyderabad,South
ORD_0110,2023-06-09,P003,R02,7,4500,0.05,29925.0,6,Jun,2023,2,Wireless Earbuds,Audio,Delhi,North
ORD_0111,2023-06-10,P001,R04,8,75000,0.15,510000.0,6,Jun,2023,2,Laptop Pro,Electronics,Chennai,South
ORD_0112,2023-06-12,P003,R06,14,4500,0.0,63000.0,6,Jun,2023,2,Wireless Earbuds,Audio,Pune,West
ORD_0113,2023-06-13,P005,R02,19,2200,0.05,39710.0,6,Jun,2023,2,USB-C Hub,Accessories,Delhi,North
ORD_0114,2023-06-15,P003,R04,6,4500,0.15,22950.0,6,Jun,2023,2,Wireless Earbuds,Audio,Chennai,South
ORD_0115,2023-06-16,P001,R04,1,75000,0.0,75000.0,6,Jun,2023,2,Laptop Pro,Electronics,Chennai,South
ORD_0116,2023-06-18,P005,R08,15,2200,0.15,28050.0,6,Jun,2023,2,USB-C Hub,Accessories,Ahmedabad,West
ORD_0117,2023-06-19,P002,R05,1,12000,0.05,11400.0,6,Jun,2023,2,Smart Watch,Wearables,Hyderabad,South
ORD_0118,2023-06-21,P003,R07,17,4500,0.0,76500.0,6,Jun,2023,2,Wireless Earbuds,Audio,Kolkata,East
ORD_0119,2023-06-22,P001,R01,1,75000,0.0,75000.0,6,Jun,2023,2,Laptop Pro,Electronics,Mumbai,West
ORD_0120,2023-06-24,P002,R07,15,12000,0.1,162000.0,6,Jun,2023,2,Smart Watch,Wearables,Kolkata,East
ORD_0121,2023-06-25,P002,R01,2,12000,0.0,24000.0,6,Jun,2023,2,Smart Watch,Wearables,Mumbai,West
ORD_0122,2023-06-27,P004,R03,14,35000,0.05,465500.0,6,Jun,2023,2,Tablet X,Electronics,Bangalore,South
ORD_0123,2023-06-28,P005,R05,8,2200,0.0,17600.0,6,Jun,2023,2,USB-C Hub,Accessories,Hyderabad,South
ORD_0124,2023-06-29,P003,R04,8,4500,0.05,34200.0,6,Jun,2023,2,Wireless Earbuds,Audio,Chennai,South
ORD_0125,2023-07-01,P001,R06,19,75000,0.0,1425000.0,7,Jul,2023,3,Laptop Pro,Electronics,Pune,West
ORD_0126,2023-07-02,P004,R01,7,35000,0.1,220500.0,7,Jul,2023,3,Tablet X,Electronics,Mumbai,West
ORD_0127,2023-07-04,P005,R07,19,2200,0.15,35530.0,7,Jul,2023,3,USB-C Hub,Accessories,Kolkata,East
ORD_0128,2023-07-05,P004,R04,6,35000,0.15,178500.0,7,Jul,2023,3,Tablet X,Electronics,Chennai,South
ORD_0129,2023-07-07,P005,R01,6,2200,0.1,11880.0,7,Jul,2023,3,USB-C Hub,Accessories,Mumbai,West
ORD_0130,2023-07-08,P005,R01,3,2200,0.0,6600.0,7,Jul,2023,3,USB-C Hub,Accessories,Mumbai,West
ORD_0131,2023-07-10,P003,R08,7,4500,0.1,28350.0,7,Jul,2023,3,Wireless Earbuds,Audio,Ahmedabad,West
ORD_0132,2023-07-11,P005,R01,19,2200,0.0,41800.0,7,Jul,2023,3,USB-C Hub,Accessories,Mumbai,West
ORD_0133,2023-07-13,P004,R06,8,35000,0.0,280000.0,7,Jul,2023,3,Tablet X,Electronics,Pune,West
ORD_0134,2023-07-14,P005,R05,10,2200,0.0,22000.0,7,Jul,2023,3,USB-C Hub,Accessories,Hyderabad,South
ORD_0135,2023-07-16,P003,R06,15,4500,0.0,67500.0,7,Jul,2023,3,Wireless Earbuds,Audio,Pune,West
ORD_0136,2023-07-17,P003,R02,15,4500,0.1,60750.0,7,Jul,2023,3,Wireless Earbuds,Audio,Delhi,North
ORD_0137,2023-07-18,P004,R04,1,35000,0.05,33250.0,7,Jul,2023,3,Tablet X,Electronics,Chennai,South
ORD_0138,2023-07-20,P002,R05,7,12000,0.0,84000.0,7,Jul,2023,3,Smart Watch,Wearables,Hyderabad,South
ORD_0139,2023-07-21,P002,R08,4,12000,0.0,48000.0,7,Jul,2023,3,Smart Watch,Wearables,Ahmedabad,West
ORD_0140,2023-07-23,P005,R05,6,2200,0.15,11220.0,7,Jul,2023,3,USB-C Hub,Accessories,Hyderabad,South
ORD_0141,2023-07-24,P001,R05,1,75000,0.0,75000.0,7,Jul,2023,3,Laptop Pro,Electronics,Hyderabad,South
ORD_0142,2023-07-26,P005,R07,5,2200,0.0,11000.0,7,Jul,2023,3,USB-C Hub,Accessories,Kolkata,East
ORD_0143,2023-07-27,P004,R05,1,35000,0.0,35000.0,7,Jul,2023,3,Tablet X,Electronics,Hyderabad,South
ORD_0144,2023-07-29,P004,R08,4,35000,0.1,126000.0,7,Jul,2023,3,Tablet X,Electronics,Ahmedabad,West
ORD_0145,2023-07-30,P004,R06,2,35000,0.05,66500.0,7,Jul,2023,3,Tablet X,Electronics,Pune,West
ORD_0146,2023-08-01,P004,R05,10,35000,0.0,350000.0,8,Aug,2023,3,Tablet X,Electronics,Hyderabad,South
ORD_0147,2023-08-02,P004,R03,5,35000,0.0,175000.0,8,Aug,2023,3,Tablet X,Electronics,Bangalore,South
ORD_0148,2023-08-04,P003,R04,10,4500,0.05,42750.0,8,Aug,2023,3,Wireless Earbuds,Audio,Chennai,South
ORD_0149,2023-08-05,P002,R05,1,12000,0.05,11400.0,8,Aug,2023,3,Smart Watch,Wearables,Hyderabad,South
ORD_0150,2023-08-06,P004,R04,6,35000,0.0,210000.0,8,Aug,2023,3,Tablet X,Electronics,Chennai,South
ORD_0151,2023-08-08,P001,R03,13,75000,0.15,828750.0,8,Aug,2023,3,Laptop Pro,Electronics,Bangalore,South
ORD_0152,2023-08-09,P001,R03,15,75000,0.0,1125000.0,8,Aug,2023,3,Laptop Pro,Electronics,Bangalore,South
ORD_0153,2023-08-11,P001,R04,4,75000,0.0,300000.0,8,Aug,2023,3,Laptop Pro,Electronics,Chennai,South
ORD_0154,2023-08-12,P001,R01,13,75000,0.15,828750.0,8,Aug,2023,3,Laptop Pro,Electronics,Mumbai,West
ORD_0155,2023-08-14,P003,R02,15,4500,0.0,67500.0,8,Aug,2023,3,Wireless Earbuds,Audio,Delhi,North
ORD_0156,2023-08-15,P001,R07,8,75000,0.05,570000.0,8,Aug,2023,3,Laptop Pro,Electronics,Kolkata,East
ORD_0157,2023-08-17,P004,R01,5,35000,0.0,175000.0,8,Aug,2023,3,Tablet X,Electronics,Mumbai,West
ORD_0158,2023-08-18,P005,R01,15,2200,0.0,33000.0,8,Aug,2023,3,USB-C Hub,Accessories,Mumbai,West
ORD_0159,2023-08-20,P001,R06,4,75000,0.15,255000.0,8,Aug,2023,3,Laptop Pro,Electronics,Pune,West
ORD_0160,2023-08-21,P003,R07,12,4500,0.0,54000.0,8,Aug,2023,3,Wireless Earbuds,Audio,Kolkata,East
ORD_0161,2023-08-23,P003,R07,13,4500,0.1,52650.0,8,Aug,2023,3,Wireless Earbuds,Audio,Kolkata,East
ORD_0162,2023-08-24,P001,R01,2,75000,0.0,150000.0,8,Aug,2023,3,Laptop Pro,Electronics,Mumbai,West
ORD_0163,2023-08-25,P005,R05,19,2200,0.0,41800.0,8,Aug,2023,3,USB-C Hub,Accessories,Hyderabad,South
ORD_0164,2023-08-27,P001,R06,19,75000,0.0,1425000.0,8,Aug,2023,3,Laptop Pro,Electronics,Pune,West
ORD_0165,2023-08-28,P003,R06,4,4500,0.05,17100.0,8,Aug,2023,3,Wireless Earbuds,Audio,Pune,West
ORD_0166,2023-08-30,P002,R03,4,12000,0.0,48000.0,8,Aug,2023,3,Smart Watch,Wearables,Bangalore,South
ORD_0167,2023-08-31,P004,R08,11,35000,0.1,346500.0,8,Aug,2023,3,Tablet X,Electronics,Ahmedabad,West
ORD_0168,2023-09-02,P003,R07,5,4500,0.0,22500.0,9,Sep,2023,3,Wireless Earbuds,Audio,Kolkata,East
ORD_0169,2023-09-03,P001,R01,11,75000,0.15,701250.0,9,Sep,2023,3,Laptop Pro,Electronics,Mumbai,West
ORD_0170,2023-09-05,P004,R03,10,35000,0.0,350000.0,9,Sep,2023,3,Tablet X,Electronics,Bangalore,South
ORD_0171,2023-09-06,P001,R04,8,75000,0.1,540000.0,9,Sep,2023,3,Laptop Pro,Electronics,Chennai,South
ORD_0172,2023-09-08,P001,R02,6,75000,0.1,405000.0,9,Sep,2023,3,Laptop Pro,Electronics,Delhi,North
ORD_0173,2023-09-09,P002,R08,6,12000,0.1,64800.0,9,Sep,2023,3,Smart Watch,Wearables,Ahmedabad,West
ORD_0174,2023-09-11,P004,R08,8,35000,0.1,252000.0,9,Sep,2023,3,Tablet X,Electronics,Ahmedabad,West
ORD_0175,2023-09-12,P004,R08,15,35000,0.1,472500.0,9,Sep,2023,3,Tablet X,Electronics,Ahmedabad,West
ORD_0176,2023-09-14,P002,R06,14,12000,0.05,159600.0,9,Sep,2023,3,Smart Watch,Wearables,Pune,West
ORD_0177,2023-09-15,P003,R04,11,4500,0.0,49500.0,9,Sep,2023,3,Wireless Earbuds,Audio,Chennai,South
ORD_0178,2023-09-16,P001,R08,12,75000,0.0,900000.0,9,Sep,2023,3,Laptop Pro,Electronics,Ahmedabad,West
ORD_0179,2023-09-18,P005,R04,13,2200,0.15,24310.0,9,Sep,2023,3,USB-C Hub,Accessories,Chennai,South
ORD_0180,2023-09-19,P001,R05,8,75000,0.05,570000.0,9,Sep,2023,3,Laptop Pro,Electronics,Hyderabad,South
ORD_0181,2023-09-21,P001,R08,18,75000,0.1,1215000.0,9,Sep,2023,3,Laptop Pro,Electronics,Ahmedabad,West
ORD_0182,2023-09-22,P003,R02,1,4500,0.0,4500.0,9,Sep,2023,3,Wireless Earbuds,Audio,Delhi,North
ORD_0183,2023-09-24,P001,R04,15,75000,0.0,1125000.0,9,Sep,2023,3,Laptop Pro,Electronics,Chennai,South
ORD_0184,2023-09-25,P002,R04,8,12000,0.0,96000.0,9,Sep,2023,3,Smart Watch,Wearables,Chennai,South
ORD_0185,2023-09-27,P002,R02,11,12000,0.05,125400.0,9,Sep,2023,3,Smart Watch,Wearables,Delhi,North
ORD_0186,2023-09-28,P004,R08,12,35000,0.0,420000.0,9,Sep,2023,3,Tablet X,Electronics,Ahmedabad,West
ORD_0187,2023-09-30,P005,R02,12,2200,0.0,26400.0,9,Sep,2023,3,USB-C Hub,Accessories,Delhi,North
ORD_0188,2023-10-01,P001,R04,4,75000,0.0,300000.0,10,Oct,2023,4,Laptop Pro,Electronics,Chennai,South
ORD_0189,2023-10-03,P001,R02,16,75000,0.0,1200000.0,10,Oct,2023,4,Laptop Pro,Electronics,Delhi,North
ORD_0190,2023-10-04,P003,R04,4,4500,0.05,17100.0,10,Oct,2023,4,Wireless Earbuds,Audio,Chennai,South
ORD_0191,2023-10-05,P002,R04,5,12000,0.0,60000.0,10,Oct,2023,4,Smart Watch,Wearables,Chennai,South
ORD_0192,2023-10-07,P005,R05,5,2200,0.1,9900.0,10,Oct,2023,4,USB-C Hub,Accessories,Hyderabad,South
ORD_0193,2023-10-08,P004,R01,8,35000,0.0,280000.0,10,Oct,2023,4,Tablet X,Electronics,Mumbai,West
ORD_0194,2023-10-10,P002,R04,10,12000,0.0,120000.0,10,Oct,2023,4,Smart Watch,Wearables,Chennai,South
ORD_0195,2023-10-11,P004,R08,17,35000,0.0,595000.0,10,Oct,2023,4,Tablet X,Electronics,Ahmedabad,West
ORD_0196,2023-10-13,P003,R03,9,4500,0.0,40500.0,10,Oct,2023,4,Wireless Earbuds,Audio,Bangalore,South
ORD_0197,2023-10-14,P003,R06,19,4500,0.0,85500.0,10,Oct,2023,4,Wireless Earbuds,Audio,Pune,West
ORD_0198,2023-10-16,P001,R07,14,75000,0.0,1050000.0,10,Oct,2023,4,Laptop Pro,Electronics,Kolkata,East
ORD_0199,2023-10-17,P005,R01,8,2200,0.05,16720.0,10,Oct,2023,4,USB-C Hub,Accessories,Mumbai,West
ORD_0200,2023-10-19,P004,R01,9,35000,0.0,315000.0,10,Oct,2023,4,Tablet X,Electronics,Mumbai,West
ORD_0201,2023-10-20,P002,R01,11,12000,0.05,125400.0,10,Oct,2023,4,Smart Watch,Wearables,Mumbai,West
ORD_0202,2023-10-22,P003,R05,1,4500,0.1,4050.0,10,Oct,2023,4,Wireless Earbuds,Audio,Hyderabad,South
ORD_0203,2023-10-23,P001,R04,14,75000,0.1,945000.0,10,Oct,2023,4,Laptop Pro,Electronics,Chennai,South
ORD_0204,2023-10-24,P001,R05,5,75000,0.0,375000.0,10,Oct,2023,4,Laptop Pro,Electronics,Hyderabad,South
ORD_0205,2023-10-26,P004,R04,14,35000,0.0,490000.0,10,Oct,2023,4,Tablet X,Electronics,Chennai,South
ORD_0206,2023-10-27,P003,R08,4,4500,0.0,18000.0,10,Oct,2023,4,Wireless Earbuds,Audio,Ahmedabad,West
ORD_0207,2023-10-29,P005,R05,1,2200,0.0,2200.0,10,Oct,2023,4,USB-C Hub,Accessories,Hyderabad,South
ORD_0208,2023-10-30,P003,R05,19,4500,0.15,72675.0,10,Oct,2023,4,Wireless Earbuds,Audio,Hyderabad,South
ORD_0209,2023-11-01,P004,R06,8,35000,0.0,280000.0,11,Nov,2023,4,Tablet X,Electronics,Pune,West
ORD_0210,2023-11-02,P004,R03,15,35000,0.0,525000.0,11,Nov,2023,4,Tablet X,Electronics,Bangalore,South
ORD_0211,2023-11-04,P003,R05,15,4500,0.05,64125.0,11,Nov,2023,4,Wireless Earbuds,Audio,Hyderabad,South
ORD_0212,2023-11-05,P004,R06,9,35000,0.1,283500.0,11,Nov,2023,4,Tablet X,Electronics,Pune,West
ORD_0213,2023-11-07,P003,R02,9,4500,0.05,38475.0,11,Nov,2023,4,Wireless Earbuds,Audio,Delhi,North
ORD_0214,2023-11-08,P002,R03,10,12000,0.0,120000.0,11,Nov,2023,4,Smart Watch,Wearables,Bangalore,South
ORD_0215,2023-11-10,P003,R08,9,4500,0.0,40500.0,11,Nov,2023,4,Wireless Earbuds,Audio,Ahmedabad,West
ORD_0216,2023-11-11,P003,R05,3,4500,0.05,12825.0,11,Nov,2023,4,Wireless Earbuds,Audio,Hyderabad,South
ORD_0217,2023-11-12,P004,R07,11,35000,0.0,385000.0,11,Nov,2023,4,Tablet X,Electronics,Kolkata,East
ORD_0218,2023-11-14,P004,R01,6,35000,0.0,210000.0,11,Nov,2023,4,Tablet X,Electronics,Mumbai,West
ORD_0219,2023-11-15,P001,R02,2,75000,0.0,150000.0,11,Nov,2023,4,Laptop Pro,Electronics,Delhi,North
ORD_0220,2023-11-17,P001,R02,7,75000,0.0,525000.0,11,Nov,2023,4,Laptop Pro,Electronics,Delhi,North
ORD_0221,2023-11-18,P002,R08,18,12000,0.0,216000.0,11,Nov,2023,4,Smart Watch,Wearables,Ahmedabad,West
ORD_0222,2023-11-20,P001,R06,2,75000,0.0,150000.0,11,Nov,2023,4,Laptop Pro,Electronics,Pune,West
ORD_0223,2023-11-21,P003,R02,17,4500,0.05,72675.0,11,Nov,2023,4,Wireless Earbuds,Audio,Delhi,North
ORD_0224,2023-11-23,P004,R03,11,35000,0.05,365750.0,11,Nov,2023,4,Tablet X,Electronics,Bangalore,South
ORD_0225,2023-11-24,P001,R05,12,75000,0.1,810000.0,11,Nov,2023,4,Laptop Pro,Electronics,Hyderabad,South
ORD_0226,2023-11-26,P001,R05,19,75000,0.0,1425000.0,11,Nov,2023,4,Laptop Pro,Electronics,Hyderabad,South
ORD_0227,2023-11-27,P002,R07,7,12000,0.0,84000.0,11,Nov,2023,4,Smart Watch,Wearables,Kolkata,East
ORD_0228,2023-11-29,P002,R08,6,12000,0.0,72000.0,11,Nov,2023,4,Smart Watch,Wearables,Ahmedabad,West
ORD_0229,2023-11-30,P003,R01,1,4500,0.05,4275.0,11,Nov,2023,4,Wireless Earbuds,Audio,Mumbai,West
ORD_0230,2023-12-02,P004,R06,17,35000,0.1,535500.0,12,Dec,2023,4,Tablet X,Electronics,Pune,West
ORD_0231,2023-12-03,P002,R01,11,12000,0.0,132000.0,12,Dec,2023,4,Smart Watch,Wearables,Mumbai,West
ORD_0232,2023-12-04,P001,R02,18,75000,0.15,1147500.0,12,Dec,2023,4,Laptop Pro,Electronics,Delhi,North
ORD_0233,2023-12-06,P004,R08,17,35000,0.0,595000.0,12,Dec,2023,4,Tablet X,Electronics,Ahmedabad,West
ORD_0234,2023-12-07,P004,R07,7,35000,0.05,232750.0,12,Dec,2023,4,Tablet X,Electronics,Kolkata,East
ORD_0235,2023-12-09,P001,R01,17,75000,0.1,1147500.0,12,Dec,2023,4,Laptop Pro,Electronics,Mumbai,West
ORD_0236,2023-12-10,P002,R03,9,12000,0.1,97200.0,12,Dec,2023,4,Smart Watch,Wearables,Bangalore,South
ORD_0237,2023-12-12,P001,R05,17,75000,0.1,1147500.0,12,Dec,2023,4,Laptop Pro,Electronics,Hyderabad,South
ORD_0238,2023-12-13,P004,R02,8,35000,0.1,252000.0,12,Dec,2023,4,Tablet X,Electronics,Delhi,North
ORD_0239,2023-12-15,P005,R07,17,2200,0.0,37400.0,12,Dec,2023,4,USB-C Hub,Accessories,Kolkata,East
ORD_0240,2023-12-16,P005,R01,7,2200,0.1,13860.0,12,Dec,2023,4,USB-C Hub,Accessories,Mumbai,West
ORD_0241,2023-12-18,P003,R06,1,4500,0.0,4500.0,12,Dec,2023,4,Wireless Earbuds,Audio,Pune,West
ORD_0242,2023-12-19,P001,R03,13,75000,0.1,877500.0,12,Dec,2023,4,Laptop Pro,Electronics,Bangalore,South
ORD_0243,2023-12-21,P001,R03,19,75000,0.05,1353750.0,12,Dec,2023,4,Laptop Pro,Electronics,Bangalore,South
ORD_0244,2023-12-22,P003,R01,19,4500,0.1,76950.0,12,Dec,2023,4,Wireless Earbuds,Audio,Mumbai,West
ORD_0245,2023-12-23,P003,R05,17,4500,0.0,76500.0,12,Dec,2023,4,Wireless Earbuds,Audio,Hyderabad,South
ORD_0246,2023-12-25,P003,R01,13,4500,0.05,55575.0,12,Dec,2023,4,Wireless Earbuds,Audio,Mumbai,West
ORD_0247,2023-12-26,P004,R02,16,35000,0.05,532000.0,12,Dec,2023,4,Tablet X,Electronics,Delhi,North
ORD_0248,2023-12-28,P001,R01,8,75000,0.1,540000.0,12,Dec,2023,4,Laptop Pro,Electronics,Mumbai,West
ORD_0249,2023-12-29,P004,R03,19,35000,0.0,665000.0,12,Dec,2023,4,Tablet X,Electronics,Bangalore,South
ORD_0250,2023-12-31,P003,R07,18,4500,0.0,81000.0,12,Dec,2023,4,Wireless Earbuds,Audio,Kolkata,East
ORD_0251,2024-01-01,P001,R01,1,75000,0.0,75000.0,1,Jan,2024,1,Laptop Pro,Electronics,Mumbai,West
ORD_0252,2024-01-03,P004,R05,14,35000,0.0,490000.0,1,Jan,2024,1,Tablet X,Electronics,Hyderabad,South
ORD_0253,2024-01-04,P004,R08,19,35000,0.1,598500.0,1,Jan,2024,1,Tablet X,Electronics,Ahmedabad,West
ORD_0254,2024-01-06,P003,R07,15,4500,0.0,67500.0,1,Jan,2024,1,Wireless Earbuds,Audio,Kolkata,East
ORD_0255,2024-01-07,P001,R06,18,75000,0.15,1147500.0,1,Jan,2024,1,Laptop Pro,Electronics,Pune,West
ORD_0256,2024-01-09,P003,R04,2,4500,0.0,9000.0,1,Jan,2024,1,Wireless Earbuds,Audio,Chennai,South
ORD_0257,2024-01-10,P001,R01,17,75000,0.0,1275000.0,1,Jan,2024,1,Laptop Pro,Electronics,Mumbai,West
ORD_0258,2024-01-11,P005,R05,18,2200,0.1,35640.0,1,Jan,2024,1,USB-C Hub,Accessories,Hyderabad,South
ORD_0259,2024-01-13,P002,R07,6,12000,0.05,68400.0,1,Jan,2024,1,Smart Watch,Wearables,Kolkata,East
ORD_0260,2024-01-14,P002,R05,19,12000,0.0,228000.0,1,Jan,2024,1,Smart Watch,Wearables,Hyderabad,South
ORD_0261,2024-01-16,P002,R06,4,12000,0.05,45600.0,1,Jan,2024,1,Smart Watch,Wearables,Pune,West
ORD_0262,2024-01-17,P003,R03,1,4500,0.1,4050.0,1,Jan,2024,1,Wireless Earbuds,Audio,Bangalore,South
ORD_0263,2024-01-19,P005,R05,8,2200,0.0,17600.0,1,Jan,2024,1,USB-C Hub,Accessories,Hyderabad,South
ORD_0264,2024-01-20,P001,R07,7,75000,0.15,446250.0,1,Jan,2024,1,Laptop Pro,Electronics,Kolkata,East
ORD_0265,2024-01-22,P004,R05,3,35000,0.15,89250.0,1,Jan,2024,1,Tablet X,Electronics,Hyderabad,South
ORD_0266,2024-01-23,P001,R05,10,75000,0.05,712500.0,1,Jan,2024,1,Laptop Pro,Electronics,Hyderabad,South
ORD_0267,2024-01-25,P004,R05,10,35000,0.0,350000.0,1,Jan,2024,1,Tablet X,Electronics,Hyderabad,South
ORD_0268,2024-01-26,P001,R02,19,75000,0.05,1353750.0,1,Jan,2024,1,Laptop Pro,Electronics,Delhi,North
ORD_0269,2024-01-28,P005,R02,14,2200,0.0,30800.0,1,Jan,2024,1,USB-C Hub,Accessories,Delhi,North
ORD_0270,2024-01-29,P004,R03,2,35000,0.0,70000.0,1,Jan,2024,1,Tablet X,Electronics,Bangalore,South
ORD_0271,2024-01-30,P003,R01,1,4500,0.0,4500.0,1,Jan,2024,1,Wireless Earbuds,Audio,Mumbai,West
ORD_0272,2024-02-01,P001,R05,18,75000,0.0,1350000.0,2,Feb,2024,1,Laptop Pro,Electronics,Hyderabad,South
ORD_0273,2024-02-02,P001,R06,7,75000,0.1,472500.0,2,Feb,2024,1,Laptop Pro,Electronics,Pune,West
ORD_0274,2024-02-04,P004,R01,8,35000,0.1,252000.0,2,Feb,2024,1,Tablet X,Electronics,Mumbai,West
ORD_0275,2024-02-05,P003,R06,1,4500,0.1,4050.0,2,Feb,2024,1,Wireless Earbuds,Audio,Pune,West
ORD_0276,2024-02-07,P003,R01,3,4500,0.0,13500.0,2,Feb,2024,1,Wireless Earbuds,Audio,Mumbai,West
ORD_0277,2024-02-08,P005,R03,8,2200,0.0,17600.0,2,Feb,2024,1,USB-C Hub,Accessories,Bangalore,South
ORD_0278,2024-02-10,P003,R05,15,4500,0.0,67500.0,2,Feb,2024,1,Wireless Earbuds,Audio,Hyderabad,South
ORD_0279,2024-02-11,P003,R05,5,4500,0.15,19125.0,2,Feb,2024,1,Wireless Earbuds,Audio,Hyderabad,South
ORD_0280,2024-02-13,P003,R04,3,4500,0.0,13500.0,2,Feb,2024,1,Wireless Earbuds,Audio,Chennai,South
ORD_0281,2024-02-14,P002,R06,19,12000,0.1,205200.0,2,Feb,2024,1,Smart Watch,Wearables,Pune,West
ORD_0282,2024-02-16,P005,R01,1,2200,0.05,2090.0,2,Feb,2024,1,USB-C Hub,Accessories,Mumbai,West
ORD_0283,2024-02-17,P001,R01,15,75000,0.0,1125000.0,2,Feb,2024,1,Laptop Pro,Electronics,Mumbai,West
ORD_0284,2024-02-19,P004,R08,8,35000,0.1,252000.0,2,Feb,2024,1,Tablet X,Electronics,Ahmedabad,West
ORD_0285,2024-02-20,P001,R08,2,75000,0.0,150000.0,2,Feb,2024,1,Laptop Pro,Electronics,Ahmedabad,West
ORD_0286,2024-02-21,P005,R02,3,2200,0.1,5940.0,2,Feb,2024,1,USB-C Hub,Accessories,Delhi,North
ORD_0287,2024-02-23,P004,R04,14,35000,0.15,416500.0,2,Feb,2024,1,Tablet X,Electronics,Chennai,South
ORD_0288,2024-02-24,P005,R07,14,2200,0.0,30800.0,2,Feb,2024,1,USB-C Hub,Accessories,Kolkata,East
ORD_0289,2024-02-26,P003,R08,11,4500,0.0,49500.0,2,Feb,2024,1,Wireless Earbuds,Audio,Ahmedabad,West
ORD_0290,2024-02-27,P004,R07,16,35000,0.05,532000.0,2,Feb,2024,1,Tablet X,Electronics,Kolkata,East
ORD_0291,2024-02-29,P003,R02,4,4500,0.15,15300.0,2,Feb,2024,1,Wireless Earbuds,Audio,Delhi,North
ORD_0292,2024-03-01,P001,R02,5,75000,0.0,375000.0,3,Mar,2024,1,Laptop Pro,Electronics,Delhi,North
ORD_0293,2024-03-03,P001,R02,14,75000,0.05,997500.0,3,Mar,2024,1,Laptop Pro,Electronics,Delhi,North
ORD_0294,2024-03-04,P004,R06,16,35000,0.05,532000.0,3,Mar,2024,1,Tablet X,Electronics,Pune,West
ORD_0295,2024-03-06,P004,R06,18,35000,0.1,567000.0,3,Mar,2024,1,Tablet X,Electronics,Pune,West
ORD_0296,2024-03-07,P005,R03,7,2200,0.0,15400.0,3,Mar,2024,1,USB-C Hub,Accessories,Bangalore,South
ORD_0297,2024-03-09,P005,R03,10,2200,0.1,19800.0,3,Mar,2024,1,USB-C Hub,Accessories,Bangalore,South
ORD_0298,2024-03-10,P003,R02,7,4500,0.15,26775.0,3,Mar,2024,1,Wireless Earbuds,Audio,Delhi,North
ORD_0299,2024-03-11,P004,R04,1,35000,0.0,35000.0,3,Mar,2024,1,Tablet X,Electronics,Chennai,South
ORD_0300,2024-03-13,P001,R01,19,75000,0.0,1425000.0,3,Mar,2024,1,Laptop Pro,Electronics,Mumbai,West
ORD_0301,2024-03-14,P005,R06,16,2200,0.15,29920.0,3,Mar,2024,1,USB-C Hub,Accessories,Pune,West
ORD_0302,2024-03-16,P005,R04,19,2200,0.0,41800.0,3,Mar,2024,1,USB-C Hub,Accessories,Chennai,South
ORD_0303,2024-03-17,P001,R05,4,75000,0.1,270000.0,3,Mar,2024,1,Laptop Pro,Electronics,Hyderabad,South
ORD_0304,2024-03-19,P005,R06,18,2200,0.0,39600.0,3,Mar,2024,1,USB-C Hub,Accessories,Pune,West
ORD_0305,2024-03-20,P003,R06,2,4500,0.0,9000.0,3,Mar,2024,1,Wireless Earbuds,Audio,Pune,West
ORD_0306,2024-03-22,P004,R03,1,35000,0.1,31500.0,3,Mar,2024,1,Tablet X,Electronics,Bangalore,South
ORD_0307,2024-03-23,P001,R01,15,75000,0.0,1125000.0,3,Mar,2024,1,Laptop Pro,Electronics,Mumbai,West
ORD_0308,2024-03-25,P004,R01,5,35000,0.05,166250.0,3,Mar,2024,1,Tablet X,Electronics,Mumbai,West
ORD_0309,2024-03-26,P005,R08,11,2200,0.0,24200.0,3,Mar,2024,1,USB-C Hub,Accessories,Ahmedabad,West
ORD_0310,2024-03-28,P005,R07,10,2200,0.05,20900.0,3,Mar,2024,1,USB-C Hub,Accessories,Kolkata,East
ORD_0311,2024-03-29,P001,R07,2,75000,0.0,150000.0,3,Mar,2024,1,Laptop Pro,Electronics,Kolkata,East
ORD_0312,2024-03-30,P003,R07,3,4500,0.0,13500.0,3,Mar,2024,1,Wireless Earbuds,Audio,Kolkata,East
ORD_0313,2024-04-01,P002,R07,12,12000,0.15,122400.0,4,Apr,2024,2,Smart Watch,Wearables,Kolkata,East
ORD_0314,2024-04-02,P001,R05,5,75000,0.0,375000.0,4,Apr,2024,2,Laptop Pro,Electronics,Hyderabad,South
ORD_0315,2024-04-04,P002,R05,5,12000,0.05,57000.0,4,Apr,2024,2,Smart Watch,Wearables,Hyderabad,South
ORD_0316,2024-04-05,P002,R06,6,12000,0.0,72000.0,4,Apr,2024,2,Smart Watch,Wearables,Pune,West
ORD_0317,2024-04-07,P003,R02,9,4500,0.1,36450.0,4,Apr,2024,2,Wireless Earbuds,Audio,Delhi,North
ORD_0318,2024-04-08,P002,R03,2,12000,0.0,24000.0,4,Apr,2024,2,Smart Watch,Wearables,Bangalore,South
ORD_0319,2024-04-10,P002,R03,12,12000,0.15,122400.0,4,Apr,2024,2,Smart Watch,Wearables,Bangalore,South
ORD_0320,2024-04-11,P003,R07,3,4500,0.0,13500.0,4,Apr,2024,2,Wireless Earbuds,Audio,Kolkata,East
ORD_0321,2024-04-13,P002,R06,12,12000,0.0,144000.0,4,Apr,2024,2,Smart Watch,Wearables,Pune,West
ORD_0322,2024-04-14,P002,R08,17,12000,0.0,204000.0,4,Apr,2024,2,Smart Watch,Wearables,Ahmedabad,West
ORD_0323,2024-04-16,P002,R04,10,12000,0.0,120000.0,4,Apr,2024,2,Smart Watch,Wearables,Chennai,South
ORD_0324,2024-04-17,P001,R02,14,75000,0.05,997500.0,4,Apr,2024,2,Laptop Pro,Electronics,Delhi,North
ORD_0325,2024-04-18,P001,R06,17,75000,0.0,1275000.0,4,Apr,2024,2,Laptop Pro,Electronics,Pune,West
ORD_0326,2024-04-20,P001,R02,18,75000,0.1,1215000.0,4,Apr,2024,2,Laptop Pro,Electronics,Delhi,North
ORD_0327,2024-04-21,P003,R02,19,4500,0.0,85500.0,4,Apr,2024,2,Wireless Earbuds,Audio,Delhi,North
ORD_0328,2024-04-23,P005,R02,17,2200,0.0,37400.0,4,Apr,2024,2,USB-C Hub,Accessories,Delhi,North
ORD_0329,2024-04-24,P002,R06,14,12000,0.05,159600.0,4,Apr,2024,2,Smart Watch,Wearables,Pune,West
ORD_0330,2024-04-26,P002,R07,9,12000,0.1,97200.0,4,Apr,2024,2,Smart Watch,Wearables,Kolkata,East
ORD_0331,2024-04-27,P003,R03,8,4500,0.0,36000.0,4,Apr,2024,2,Wireless Earbuds,Audio,Bangalore,South
ORD_0332,2024-04-29,P002,R03,2,12000,0.0,24000.0,4,Apr,2024,2,Smart Watch,Wearables,Bangalore,South
ORD_0333,2024-04-30,P001,R07,13,75000,0.0,975000.0,4,Apr,2024,2,Laptop Pro,Electronics,Kolkata,East
ORD_0334,2024-05-02,P005,R02,7,2200,0.1,13860.0,5,May,2024,2,USB-C Hub,Accessories,Delhi,North
ORD_0335,2024-05-03,P004,R04,9,35000,0.05,299250.0,5,May,2024,2,Tablet X,Electronics,Chennai,South
ORD_0336,2024-05-05,P002,R01,11,12000,0.0,132000.0,5,May,2024,2,Smart Watch,Wearables,Mumbai,West
ORD_0337,2024-05-06,P001,R06,14,75000,0.1,945000.0,5,May,2024,2,Laptop Pro,Electronics,Pune,West
ORD_0338,2024-05-08,P004,R01,4,35000,0.1,126000.0,5,May,2024,2,Tablet X,Electronics,Mumbai,West
ORD_0339,2024-05-09,P005,R08,13,2200,0.05,27170.0,5,May,2024,2,USB-C Hub,Accessories,Ahmedabad,West
ORD_0340,2024-05-10,P004,R07,2,35000,0.1,63000.0,5,May,2024,2,Tablet X,Electronics,Kolkata,East
ORD_0341,2024-05-12,P001,R04,5,75000,0.0,375000.0,5,May,2024,2,Laptop Pro,Electronics,Chennai,South
ORD_0342,2024-05-13,P004,R06,11,35000,0.0,385000.0,5,May,2024,2,Tablet X,Electronics,Pune,West
ORD_0343,2024-05-15,P003,R07,6,4500,0.0,27000.0,5,May,2024,2,Wireless Earbuds,Audio,Kolkata,East
ORD_0344,2024-05-16,P004,R02,18,35000,0.0,630000.0,5,May,2024,2,Tablet X,Electronics,Delhi,North
ORD_0345,2024-05-18,P002,R03,10,12000,0.05,114000.0,5,May,2024,2,Smart Watch,Wearables,Bangalore,South
ORD_0346,2024-05-19,P002,R01,4,12000,0.15,40800.0,5,May,2024,2,Smart Watch,Wearables,Mumbai,West
ORD_0347,2024-05-21,P003,R05,9,4500,0.0,40500.0,5,May,2024,2,Wireless Earbuds,Audio,Hyderabad,South
ORD_0348,2024-05-22,P001,R05,6,75000,0.0,450000.0,5,May,2024,2,Laptop Pro,Electronics,Hyderabad,South
ORD_0349,2024-05-24,P002,R04,2,12000,0.0,24000.0,5,May,2024,2,Smart Watch,Wearables,Chennai,South
ORD_0350,2024-05-25,P005,R02,17,2200,0.15,31790.0,5,May,2024,2,USB-C Hub,Accessories,Delhi,North
ORD_0351,2024-05-27,P002,R08,5,12000,0.0,60000.0,5,May,2024,2,Smart Watch,Wearables,Ahmedabad,West
ORD_0352,2024-05-28,P002,R01,6,12000,0.05,68400.0,5,May,2024,2,Smart Watch,Wearables,Mumbai,West
ORD_0353,2024-05-29,P001,R02,12,75000,0.0,900000.0,5,May,2024,2,Laptop Pro,Electronics,Delhi,North
ORD_0354,2024-05-31,P004,R01,10,35000,0.0,350000.0,5,May,2024,2,Tablet X,Electronics,Mumbai,West
ORD_0355,2024-06-01,P002,R04,6,12000,0.15,61200.0,6,Jun,2024,2,Smart Watch,Wearables,Chennai,South
ORD_0356,2024-06-03,P003,R04,8,4500,0.15,30600.0,6,Jun,2024,2,Wireless Earbuds,Audio,Chennai,South
ORD_0357,2024-06-04,P004,R08,2,35000,0.0,70000.0,6,Jun,2024,2,Tablet X,Electronics,Ahmedabad,West
ORD_0358,2024-06-06,P005,R05,12,2200,0.15,22440.0,6,Jun,2024,2,USB-C Hub,Accessories,Hyderabad,South
ORD_0359,2024-06-07,P001,R02,13,75000,0.05,926250.0,6,Jun,2024,2,Laptop Pro,Electronics,Delhi,North
ORD_0360,2024-06-09,P005,R06,7,2200,0.1,13860.0,6,Jun,2024,2,USB-C Hub,Accessories,Pune,West
ORD_0361,2024-06-10,P004,R05,10,35000,0.0,350000.0,6,Jun,2024,2,Tablet X,Electronics,Hyderabad,South
ORD_0362,2024-06-12,P004,R02,13,35000,0.05,432250.0,6,Jun,2024,2,Tablet X,Electronics,Delhi,North
ORD_0363,2024-06-13,P004,R05,17,35000,0.0,595000.0,6,Jun,2024,2,Tablet X,Electronics,Hyderabad,South
ORD_0364,2024-06-15,P005,R06,14,2200,0.05,29260.0,6,Jun,2024,2,USB-C Hub,Accessories,Pune,West
ORD_0365,2024-06-16,P004,R03,2,35000,0.0,70000.0,6,Jun,2024,2,Tablet X,Electronics,Bangalore,South
ORD_0366,2024-06-17,P005,R03,11,2200,0.0,24200.0,6,Jun,2024,2,USB-C Hub,Accessories,Bangalore,South
ORD_0367,2024-06-19,P004,R08,1,35000,0.0,35000.0,6,Jun,2024,2,Tablet X,Electronics,Ahmedabad,West
ORD_0368,2024-06-20,P003,R03,19,4500,0.1,76950.0,6,Jun,2024,2,Wireless Earbuds,Audio,Bangalore,South
ORD_0369,2024-06-22,P004,R03,4,35000,0.0,140000.0,6,Jun,2024,2,Tablet X,Electronics,Bangalore,South
ORD_0370,2024-06-23,P005,R07,19,2200,0.05,39710.0,6,Jun,2024,2,USB-C Hub,Accessories,Kolkata,East
ORD_0371,2024-06-25,P002,R01,11,12000,0.15,112200.0,6,Jun,2024,2,Smart Watch,Wearables,Mumbai,West
ORD_0372,2024-06-26,P004,R07,8,35000,0.0,280000.0,6,Jun,2024,2,Tablet X,Electronics,Kolkata,East
ORD_0373,2024-06-28,P002,R07,11,12000,0.05,125400.0,6,Jun,2024,2,Smart Watch,Wearables,Kolkata,East
ORD_0374,2024-06-29,P003,R08,4,4500,0.0,18000.0,6,Jun,2024,2,Wireless Earbuds,Audio,Ahmedabad,West
ORD_0375,2024-07-01,P001,R07,17,75000,0.1,1147500.0,7,Jul,2024,3,Laptop Pro,Electronics,Kolkata,East
ORD_0376,2024-07-02,P003,R03,7,4500,0.0,31500.0,7,Jul,2024,3,Wireless Earbuds,Audio,Bangalore,South
ORD_0377,2024-07-04,P004,R06,8,35000,0.05,266000.0,7,Jul,2024,3,Tablet X,Electronics,Pune,West
ORD_0378,2024-07-05,P002,R08,3,12000,0.1,32400.0,7,Jul,2024,3,Smart Watch,Wearables,Ahmedabad,West
ORD_0379,2024-07-06,P002,R08,2,12000,0.15,20400.0,7,Jul,2024,3,Smart Watch,Wearables,Ahmedabad,West
ORD_0380,2024-07-08,P005,R04,15,2200,0.05,31350.0,7,Jul,2024,3,USB-C Hub,Accessories,Chennai,South
ORD_0381,2024-07-09,P002,R08,5,12000,0.0,60000.0,7,Jul,2024,3,Smart Watch,Wearables,Ahmedabad,West
ORD_0382,2024-07-11,P005,R04,1,2200,0.05,2090.0,7,Jul,2024,3,USB-C Hub,Accessories,Chennai,South
ORD_0383,2024-07-12,P001,R08,4,75000,0.1,270000.0,7,Jul,2024,3,Laptop Pro,Electronics,Ahmedabad,West
ORD_0384,2024-07-14,P004,R01,15,35000,0.05,498750.0,7,Jul,2024,3,Tablet X,Electronics,Mumbai,West
ORD_0385,2024-07-15,P005,R03,19,2200,0.0,41800.0,7,Jul,2024,3,USB-C Hub,Accessories,Bangalore,South
ORD_0386,2024-07-17,P001,R08,3,75000,0.15,191250.0,7,Jul,2024,3,Laptop Pro,Electronics,Ahmedabad,West
ORD_0387,2024-07-18,P002,R03,11,12000,0.05,125400.0,7,Jul,2024,3,Smart Watch,Wearables,Bangalore,South
ORD_0388,2024-07-20,P002,R03,17,12000,0.05,193800.0,7,Jul,2024,3,Smart Watch,Wearables,Bangalore,South
ORD_0389,2024-07-21,P001,R05,13,75000,0.0,975000.0,7,Jul,2024,3,Laptop Pro,Electronics,Hyderabad,South
ORD_0390,2024-07-23,P002,R08,11,12000,0.05,125400.0,7,Jul,2024,3,Smart Watch,Wearables,Ahmedabad,West
ORD_0391,2024-07-24,P001,R02,2,75000,0.0,150000.0,7,Jul,2024,3,Laptop Pro,Electronics,Delhi,North
ORD_0392,2024-07-26,P005,R05,9,2200,0.05,18810.0,7,Jul,2024,3,USB-C Hub,Accessories,Hyderabad,South
ORD_0393,2024-07-27,P005,R02,2,2200,0.0,4400.0,7,Jul,2024,3,USB-C Hub,Accessories,Delhi,North
ORD_0394,2024-07-28,P001,R03,9,75000,0.05,641250.0,7,Jul,2024,3,Laptop Pro,Electronics,Bangalore,South
ORD_0395,2024-07-30,P005,R03,9,2200,0.15,16830.0,7,Jul,2024,3,USB-C Hub,Accessories,Bangalore,South
ORD_0396,2024-07-31,P005,R05,8,2200,0.0,17600.0,7,Jul,2024,3,USB-C Hub,Accessories,Hyderabad,South
ORD_0397,2024-08-02,P005,R05,17,2200,0.15,31790.0,8,Aug,2024,3,USB-C Hub,Accessories,Hyderabad,South
ORD_0398,2024-08-03,P003,R02,1,4500,0.0,4500.0,8,Aug,2024,3,Wireless Earbuds,Audio,Delhi,North
ORD_0399,2024-08-05,P004,R04,11,35000,0.1,346500.0,8,Aug,2024,3,Tablet X,Electronics,Chennai,South
ORD_0400,2024-08-06,P002,R02,8,12000,0.1,86400.0,8,Aug,2024,3,Smart Watch,Wearables,Delhi,North
ORD_0401,2024-08-08,P003,R05,10,4500,0.05,42750.0,8,Aug,2024,3,Wireless Earbuds,Audio,Hyderabad,South
ORD_0402,2024-08-09,P005,R06,7,2200,0.1,13860.0,8,Aug,2024,3,USB-C Hub,Accessories,Pune,West
ORD_0403,2024-08-11,P001,R05,3,75000,0.1,202500.0,8,Aug,2024,3,Laptop Pro,Electronics,Hyderabad,South
ORD_0404,2024-08-12,P005,R06,3,2200,0.0,6600.0,8,Aug,2024,3,USB-C Hub,Accessories,Pune,West
ORD_0405,2024-08-14,P004,R01,18,35000,0.0,630000.0,8,Aug,2024,3,Tablet X,Electronics,Mumbai,West
ORD_0406,2024-08-15,P005,R05,5,2200,0.05,10450.0,8,Aug,2024,3,USB-C Hub,Accessories,Hyderabad,South
ORD_0407,2024-08-16,P001,R01,12,75000,0.1,810000.0,8,Aug,2024,3,Laptop Pro,Electronics,Mumbai,West
ORD_0408,2024-08-18,P004,R04,12,35000,0.1,378000.0,8,Aug,2024,3,Tablet X,Electronics,Chennai,South
ORD_0409,2024-08-19,P005,R02,19,2200,0.1,37620.0,8,Aug,2024,3,USB-C Hub,Accessories,Delhi,North
ORD_0410,2024-08-21,P004,R06,6,35000,0.0,210000.0,8,Aug,2024,3,Tablet X,Electronics,Pune,West
ORD_0411,2024-08-22,P002,R02,2,12000,0.1,21600.0,8,Aug,2024,3,Smart Watch,Wearables,Delhi,North
ORD_0412,2024-08-24,P002,R01,12,12000,0.0,144000.0,8,Aug,2024,3,Smart Watch,Wearables,Mumbai,West
ORD_0413,2024-08-25,P005,R06,19,2200,0.05,39710.0,8,Aug,2024,3,USB-C Hub,Accessories,Pune,West
ORD_0414,2024-08-27,P004,R02,5,35000,0.0,175000.0,8,Aug,2024,3,Tablet X,Electronics,Delhi,North
ORD_0415,2024-08-28,P001,R05,12,75000,0.0,900000.0,8,Aug,2024,3,Laptop Pro,Electronics,Hyderabad,South
ORD_0416,2024-08-30,P005,R03,17,2200,0.0,37400.0,8,Aug,2024,3,USB-C Hub,Accessories,Bangalore,South
ORD_0417,2024-08-31,P002,R01,17,12000,0.0,204000.0,8,Aug,2024,3,Smart Watch,Wearables,Mumbai,West
ORD_0418,2024-09-02,P002,R02,10,12000,0.05,114000.0,9,Sep,2024,3,Smart Watch,Wearables,Delhi,North
ORD_0419,2024-09-03,P005,R01,17,2200,0.0,37400.0,9,Sep,2024,3,USB-C Hub,Accessories,Mumbai,West
ORD_0420,2024-09-04,P004,R07,15,35000,0.0,525000.0,9,Sep,2024,3,Tablet X,Electronics,Kolkata,East
ORD_0421,2024-09-06,P002,R01,12,12000,0.0,144000.0,9,Sep,2024,3,Smart Watch,Wearables,Mumbai,West
ORD_0422,2024-09-07,P004,R06,16,35000,0.0,560000.0,9,Sep,2024,3,Tablet X,Electronics,Pune,West
ORD_0423,2024-09-09,P002,R07,19,12000,0.0,228000.0,9,Sep,2024,3,Smart Watch,Wearables,Kolkata,East
ORD_0424,2024-09-10,P002,R08,8,12000,0.0,96000.0,9,Sep,2024,3,Smart Watch,Wearables,Ahmedabad,West
ORD_0425,2024-09-12,P003,R06,17,4500,0.05,72675.0,9,Sep,2024,3,Wireless Earbuds,Audio,Pune,West
ORD_0426,2024-09-13,P002,R03,5,12000,0.05,57000.0,9,Sep,2024,3,Smart Watch,Wearables,Bangalore,South
ORD_0427,2024-09-15,P001,R07,16,75000,0.05,1140000.0,9,Sep,2024,3,Laptop Pro,Electronics,Kolkata,East
ORD_0428,2024-09-16,P005,R08,6,2200,0.0,13200.0,9,Sep,2024,3,USB-C Hub,Accessories,Ahmedabad,West
ORD_0429,2024-09-18,P005,R05,8,2200,0.0,17600.0,9,Sep,2024,3,USB-C Hub,Accessories,Hyderabad,South
ORD_0430,2024-09-19,P004,R01,18,35000,0.1,567000.0,9,Sep,2024,3,Tablet X,Electronics,Mumbai,West
ORD_0431,2024-09-21,P002,R02,12,12000,0.05,136800.0,9,Sep,2024,3,Smart Watch,Wearables,Delhi,North
ORD_0432,2024-09-22,P001,R04,15,75000,0.0,1125000.0,9,Sep,2024,3,Laptop Pro,Electronics,Chennai,South
ORD_0433,2024-09-23,P004,R01,9,35000,0.0,315000.0,9,Sep,2024,3,Tablet X,Electronics,Mumbai,West
ORD_0434,2024-09-25,P003,R08,13,4500,0.0,58500.0,9,Sep,2024,3,Wireless Earbuds,Audio,Ahmedabad,West
ORD_0435,2024-09-26,P004,R01,15,35000,0.0,525000.0,9,Sep,2024,3,Tablet X,Electronics,Mumbai,West
ORD_0436,2024-09-28,P004,R03,10,35000,0.0,350000.0,9,Sep,2024,3,Tablet X,Electronics,Bangalore,South
ORD_0437,2024-09-29,P002,R05,16,12000,0.05,182400.0,9,Sep,2024,3,Smart Watch,Wearables,Hyderabad,South
ORD_0438,2024-10-01,P003,R04,7,4500,0.05,29925.0,10,Oct,2024,4,Wireless Earbuds,Audio,Chennai,South
ORD_0439,2024-10-02,P004,R07,17,35000,0.05,565250.0,10,Oct,2024,4,Tablet X,Electronics,Kolkata,East
ORD_0440,2024-10-04,P001,R07,7,75000,0.1,472500.0,10,Oct,2024,4,Laptop Pro,Electronics,Kolkata,East
ORD_0441,2024-10-05,P001,R07,14,75000,0.1,945000.0,10,Oct,2024,4,Laptop Pro,Electronics,Kolkata,East
ORD_0442,2024-10-07,P005,R08,15,2200,0.1,29700.0,10,Oct,2024,4,USB-C Hub,Accessories,Ahmedabad,West
ORD_0443,2024-10-08,P003,R06,7,4500,0.15,26775.0,10,Oct,2024,4,Wireless Earbuds,Audio,Pune,West
ORD_0444,2024-10-10,P003,R06,9,4500,0.0,40500.0,10,Oct,2024,4,Wireless Earbuds,Audio,Pune,West
ORD_0445,2024-10-11,P005,R02,19,2200,0.0,41800.0,10,Oct,2024,4,USB-C Hub,Accessories,Delhi,North
ORD_0446,2024-10-13,P004,R04,16,35000,0.0,560000.0,10,Oct,2024,4,Tablet X,Electronics,Chennai,South
ORD_0447,2024-10-14,P003,R07,8,4500,0.05,34200.0,10,Oct,2024,4,Wireless Earbuds,Audio,Kolkata,East
ORD_0448,2024-10-15,P001,R06,18,75000,0.1,1215000.0,10,Oct,2024,4,Laptop Pro,Electronics,Pune,West
ORD_0449,2024-10-17,P001,R08,18,75000,0.0,1350000.0,10,Oct,2024,4,Laptop Pro,Electronics,Ahmedabad,West
ORD_0450,2024-10-18,P002,R02,7,12000,0.15,71400.0,10,Oct,2024,4,Smart Watch,Wearables,Delhi,North
ORD_0451,2024-10-20,P003,R05,3,4500,0.0,13500.0,10,Oct,2024,4,Wireless Earbuds,Audio,Hyderabad,South
ORD_0452,2024-10-21,P004,R02,18,35000,0.15,535500.0,10,Oct,2024,4,Tablet X,Electronics,Delhi,North
ORD_0453,2024-10-23,P005,R06,10,2200,0.0,22000.0,10,Oct,2024,4,USB-C Hub,Accessories,Pune,West
ORD_0454,2024-10-24,P005,R03,7,2200,0.0,15400.0,10,Oct,2024,4,USB-C Hub,Accessories,Bangalore,South
ORD_0455,2024-10-26,P004,R08,17,35000,0.0,595000.0,10,Oct,2024,4,Tablet X,Electronics,Ahmedabad,West
ORD_0456,2024-10-27,P002,R03,14,12000,0.0,168000.0,10,Oct,2024,4,Smart Watch,Wearables,Bangalore,South
ORD_0457,2024-10-29,P005,R07,3,2200,0.0,6600.0,10,Oct,2024,4,USB-C Hub,Accessories,Kolkata,East
ORD_0458,2024-10-30,P003,R03,12,4500,0.0,54000.0,10,Oct,2024,4,Wireless Earbuds,Audio,Bangalore,South
ORD_0459,2024-11-01,P002,R07,13,12000,0.1,140400.0,11,Nov,2024,4,Smart Watch,Wearables,Kolkata,East
ORD_0460,2024-11-02,P003,R07,2,4500,0.05,8550.0,11,Nov,2024,4,Wireless Earbuds,Audio,Kolkata,East
ORD_0461,2024-11-03,P001,R06,3,75000,0.0,225000.0,11,Nov,2024,4,Laptop Pro,Electronics,Pune,West
ORD_0462,2024-11-05,P002,R03,5,12000,0.05,57000.0,11,Nov,2024,4,Smart Watch,Wearables,Bangalore,South
ORD_0463,2024-11-06,P005,R07,11,2200,0.1,21780.0,11,Nov,2024,4,USB-C Hub,Accessories,Kolkata,East
ORD_0464,2024-11-08,P002,R04,8,12000,0.0,96000.0,11,Nov,2024,4,Smart Watch,Wearables,Chennai,South
ORD_0465,2024-11-09,P002,R05,12,12000,0.0,144000.0,11,Nov,2024,4,Smart Watch,Wearables,Hyderabad,South
ORD_0466,2024-11-11,P002,R02,7,12000,0.0,84000.0,11,Nov,2024,4,Smart Watch,Wearables,Delhi,North
ORD_0467,2024-11-12,P002,R02,15,12000,0.0,180000.0,11,Nov,2024,4,Smart Watch,Wearables,Delhi,North
ORD_0468,2024-11-14,P003,R06,17,4500,0.05,72675.0,11,Nov,2024,4,Wireless Earbuds,Audio,Pune,West
ORD_0469,2024-11-15,P001,R03,4,75000,0.0,300000.0,11,Nov,2024,4,Laptop Pro,Electronics,Bangalore,South
ORD_0470,2024-11-17,P004,R03,13,35000,0.05,432250.0,11,Nov,2024,4,Tablet X,Electronics,Bangalore,South
ORD_0471,2024-11-18,P002,R07,18,12000,0.1,194400.0,11,Nov,2024,4,Smart Watch,Wearables,Kolkata,East
ORD_0472,2024-11-20,P005,R08,1,2200,0.0,2200.0,11,Nov,2024,4,USB-C Hub,Accessories,Ahmedabad,West
ORD_0473,2024-11-21,P002,R01,16,12000,0.05,182400.0,11,Nov,2024,4,Smart Watch,Wearables,Mumbai,West
ORD_0474,2024-11-22,P005,R07,13,2200,0.0,28600.0,11,Nov,2024,4,USB-C Hub,Accessories,Kolkata,East
ORD_0475,2024-11-24,P003,R05,10,4500,0.15,38250.0,11,Nov,2024,4,Wireless Earbuds,Audio,Hyderabad,South
ORD_0476,2024-11-25,P005,R04,12,2200,0.0,26400.0,11,Nov,2024,4,USB-C Hub,Accessories,Chennai,South
ORD_0477,2024-11-27,P004,R02,2,35000,0.1,63000.0,11,Nov,2024,4,Tablet X,Electronics,Delhi,North
ORD_0478,2024-11-28,P001,R07,3,75000,0.05,213750.0,11,Nov,2024,4,Laptop Pro,Electronics,Kolkata,East
ORD_0479,2024-11-30,P005,R01,10,2200,0.0,22000.0,11,Nov,2024,4,USB-C Hub,Accessories,Mumbai,West
ORD_0480,2024-12-01,P005,R01,2,2200,0.05,4180.0,12,Dec,2024,4,USB-C Hub,Accessories,Mumbai,West
ORD_0481,2024-12-03,P001,R07,13,75000,0.15,828750.0,12,Dec,2024,4,Laptop Pro,Electronics,Kolkata,East
ORD_0482,2024-12-04,P004,R06,13,35000,0.05,432250.0,12,Dec,2024,4,Tablet X,Electronics,Pune,West
ORD_0483,2024-12-06,P002,R02,18,12000,0.1,194400.0,12,Dec,2024,4,Smart Watch,Wearables,Delhi,North
ORD_0484,2024-12-07,P005,R06,3,2200,0.1,5940.0,12,Dec,2024,4,USB-C Hub,Accessories,Pune,West
ORD_0485,2024-12-09,P001,R04,7,75000,0.0,525000.0,12,Dec,2024,4,Laptop Pro,Electronics,Chennai,South
ORD_0486,2024-12-10,P003,R01,14,4500,0.0,63000.0,12,Dec,2024,4,Wireless Earbuds,Audio,Mumbai,West
ORD_0487,2024-12-11,P001,R01,17,75000,0.05,1211250.0,12,Dec,2024,4,Laptop Pro,Electronics,Mumbai,West
ORD_0488,2024-12-13,P003,R05,12,4500,0.0,54000.0,12,Dec,2024,4,Wireless Earbuds,Audio,Hyderabad,South
ORD_0489,2024-12-14,P004,R04,16,35000,0.1,504000.0,12,Dec,2024,4,Tablet X,Electronics,Chennai,South
ORD_0490,2024-12-16,P002,R01,12,12000,0.15,122400.0,12,Dec,2024,4,Smart Watch,Wearables,Mumbai,West
ORD_0491,2024-12-17,P001,R04,15,75000,0.0,1125000.0,12,Dec,2024,4,Laptop Pro,Electronics,Chennai,South
ORD_0492,2024-12-19,P005,R02,10,2200,0.0,22000.0,12,Dec,2024,4,USB-C Hub,Accessories,Delhi,North
ORD_0493,2024-12-20,P004,R03,7,35000,0.1,220500.0,12,Dec,2024,4,Tablet X,Electronics,Bangalore,South
ORD_0494,2024-12-22,P001,R01,5,75000,0.0,375000.0,12,Dec,2024,4,Laptop Pro,Electronics,Mumbai,West
ORD_0495,2024-12-23,P005,R05,1,2200,0.1,1980.0,12,Dec,2024,4,USB-C Hub,Accessories,Hyderabad,South
ORD_0496,2024-12-25,P001,R02,17,75000,0.0,1275000.0,12,Dec,2024,4,Laptop Pro,Electronics,Delhi,North
ORD_0497,2024-12-26,P003,R07,3,4500,0.05,12825.0,12,Dec,2024,4,Wireless Earbuds,Audio,Kolkata,East
ORD_0498,2024-12-28,P001,R04,13,75000,0.0,975000.0,12,Dec,2024,4,Laptop Pro,Electronics,Chennai,South
ORD_0499,2024-12-29,P001,R07,14,75000,0.05,997500.0,12,Dec,2024,4,Laptop Pro,Electronics,Kolkata,East
ORD_0500,2024-12-31,P001,R06,18,75000,0.0,1350000.0,12,Dec,2024,4,Laptop Pro,Electronics,Pune,West
ORD_DUP1,2023-06-15,P001,R01,5,75000,0.1,337500.0,6,Jun,2023,2,Laptop Pro,Electronics,Mumbai,West
ORD_DUP2,2023-09-20,P003,R03,8,4500,0.05,34200.0,9,Sep,2023,3,Wireless Earbuds,Audio,Bangalore,South
